product_id,product_name,category,brand,condition,original_price_ghs,selling_price_ghs,discount_percent,min_acceptable_price_ghs,stock_quantity,rating,num_reviews,negotiable,currency
1001,Double Cheeseburger,Kitchen,Bosch,Open Box,2558.71,2046.97,20,1502.36,109,3.2,263,Yes,GHS
1002,Xiaomi Smartphone,Electronics,Xiaomi,New,25540.6,22986.54,10,17591.46,176,3.6,1255,Yes,GHS
1003,Ralph Lauren Jeans,Clothing,Ralph Lauren,New,4437.5,4215.62,5,3202.89,35,4.1,999,No,GHS
1004,Longman Biography,Books,Longman,New,1145.06,1145.06,0,868.91,60,4.8,447,No,GHS
1005,Yonex Football,Sports,Yonex,New,7320.16,6222.14,15,5074.96,50,4.6,1610,No,GHS
1006,Xiaomi Smartphone,Electronics,Xiaomi,New,16624.92,14962.43,10,11669.76,178,4.7,1680,Yes,GHS
1007,Bosch Cookware Set,Kitchen,Bosch,New,6318.82,5055.06,20,3596.04,194,3.1,1659,Yes,GHS
1008,Longman Textbook,Books,Longman,New,708.86,637.97,10,488.41,140,4.0,443,Yes,GHS
1009,Broyhill Vase,Home & Garden,Broyhill,Refurbished,5152.73,4895.09,5,3734.86,29,4.1,352,Yes,GHS
1010,Calvin Klein Jacket,Clothing,Calvin Klein,New,2252.71,2252.71,0,1580.2,106,3.5,1540,Yes,GHS
1011,Hot Wheels Board Game,Toys,Hot Wheels,Open Box,2714.86,2579.12,5,1895.32,41,4.2,1248,Yes,GHS
1012,Huawei Keyboard,Electronics,Huawei,Refurbished,31014.21,27912.79,10,21164.98,68,3.2,312,Yes,GHS
1013,Nike Jeans,Clothing,Nike,Open Box,3160.55,3002.52,5,2121.54,51,3.0,856,Yes,GHS
1014,Speedo Dumbbell Set,Sports,Speedo,Refurbished,4275.77,3848.19,10,2886.68,109,3.2,801,Yes,GHS
1015,HarperCollins Self-Help Book,Books,HarperCollins,Open Box,793.09,753.44,5,538.4,140,4.9,379,Yes,GHS
1016,H&M Jacket,Clothing,H&M,New,988.54,790.83,20,608.49,103,3.7,1928,Yes,GHS
1017,McGraw-Hill Novel,Books,McGraw-Hill,Open Box,498.35,498.35,0,412.1,85,3.3,936,Yes,GHS
1018,Mattel Stuffed Animal,Toys,Mattel,New,613.4,490.72,20,415.83,183,4.1,1155,Yes,GHS
1019,Homechoice Curtains,Home & Garden,Homechoice,New,14537.58,13810.7,5,10944.66,35,4.9,1539,No,GHS
1020,Gucci Gloves,Clothing,Gucci,Refurbished,1374.17,1374.17,0,1012.35,149,4.4,418,Yes,GHS
1021,Bosch Cookware Set,Kitchen,Bosch,New,375.3,319.0,15,241.42,160,4.6,939,No,GHS
1022,Levi's Jeans,Clothing,Levi's,Refurbished,2349.08,2231.63,5,1867.9,74,3.9,1900,Yes,GHS
1023,Huawei Camera,Electronics,Huawei,New,3290.16,3290.16,0,2590.32,148,4.8,1618,Yes,GHS
1024,Decon Lamp,Home & Garden,Decon,Open Box,21979.77,21979.77,0,15620.29,158,4.4,1248,Yes,GHS
1025,Playmobil Card Game,Toys,Playmobil,New,1463.24,1463.24,0,1025.11,161,3.6,681,Yes,GHS
1026,Nivea Straightener,Beauty,Nivea,Open Box,2520.09,2142.08,15,1643.8,125,3.6,816,No,GHS
1027,Wayfair Lamp,Home & Garden,Wayfair,Refurbished,14151.9,11321.52,20,8354.67,37,3.7,997,Yes,GHS
1028,Zara Jacket,Clothing,Zara,New,242.8,194.24,20,151.89,50,4.8,633,Yes,GHS
1029,Huawei Keyboard,Electronics,Huawei,Refurbished,24247.8,21823.02,10,17191.95,91,4.7,1886,No,GHS
1030,Samsung Smartwatch,Electronics,Samsung,New,8689.8,7820.82,10,5635.23,76,4.0,1037,Yes,GHS
1031,Neutrogena Straightener,Beauty,Neutrogena,New,2475.75,2475.75,0,1994.94,43,4.5,1567,Yes,GHS
1032,Fenty Beauty Perfume,Beauty,Fenty Beauty,New,2319.9,1855.92,20,1414.24,97,4.6,24,Yes,GHS
1033,Ralph Lauren T-Shirt,Clothing,Ralph Lauren,New,3131.9,3131.9,0,2444.32,15,3.7,1010,No,GHS
1034,LG Power Bank,Electronics,LG,Open Box,9950.33,9452.81,5,7723.78,33,4.1,493,Yes,GHS
1035,Wiley Biography,Books,Wiley,New,126.9,114.21,10,95.4,41,4.4,1002,Yes,GHS
1036,Hot Wheels Stuffed Animal,Toys,Hot Wheels,New,1733.24,1559.92,10,1136.66,165,3.1,1966,Yes,GHS
1037,Speedo Running Shoes,Sports,Speedo,Refurbished,6847.92,6847.92,0,5493.2,19,4.3,1356,Yes,GHS
1038,Hot Wheels Stuffed Animal,Toys,Hot Wheels,Refurbished,3551.07,3018.41,15,2211.17,79,3.2,1776,No,GHS
1039,Barbie Doll,Toys,Barbie,New,877.05,745.49,15,572.3,31,4.8,1164,Yes,GHS
1040,Homechoice Wall Art,Home & Garden,Homechoice,New,16357.52,14721.77,10,10326.9,82,3.0,1314,Yes,GHS
1041,Nike Jeans,Clothing,Nike,New,3025.66,2723.09,10,2090.07,135,4.7,1361,Yes,GHS
1042,Crate & Barrel Rug,Home & Garden,Crate & Barrel,Open Box,1911.73,1816.14,5,1279.6,181,4.7,1281,Yes,GHS
1043,MAC Foundation,Beauty,MAC,Refurbished,1223.16,1223.16,0,970.71,198,3.3,1153,Yes,GHS
1044,Playmobil Action Figure,Toys,Playmobil,New,2919.52,2481.59,15,1903.13,60,3.3,167,Yes,GHS
1045,Barbie Doll,Toys,Barbie,New,1644.77,1315.82,20,983.15,195,4.6,1478,Yes,GHS
1046,Funko Card Game,Toys,Funko,Refurbished,2052.42,1744.56,15,1464.16,198,4.4,1522,Yes,GHS
1047,Speedo Tennis Racket,Sports,Speedo,Refurbished,3903.02,3317.57,15,2653.61,23,3.4,353,Yes,GHS
1048,IKEA Bookshelf,Home & Garden,IKEA,New,7857.22,6285.78,20,5312.09,113,4.3,1812,Yes,GHS
1049,Breville Blender,Kitchen,Breville,New,5001.19,4751.13,5,3384.53,156,4.6,1233,No,GHS
1050,Cuisinart Knife Set,Kitchen,Cuisinart,New,1292.8,1228.16,5,898.71,29,3.9,1111,Yes,GHS
1051,Tommy Hilfiger Sneakers,Clothing,Tommy Hilfiger,New,3972.15,3376.33,15,2652.57,138,4.0,349,Yes,GHS
1052,LG Laptop,Electronics,LG,New,979.4,979.4,0,725.02,37,4.9,1023,No,GHS
1053,Oxford Biography,Books,Oxford,Open Box,857.76,814.87,5,582.55,196,4.7,233,No,GHS
1054,KitchenAid Toaster,Kitchen,KitchenAid,New,4117.79,3294.23,20,2523.41,18,3.1,327,Yes,GHS
1055,Funko Stuffed Animal,Toys,Funko,New,1247.32,1060.22,15,814.22,124,3.0,774,No,GHS
1056,Cambridge Science Book,Books,Cambridge,Refurbished,822.28,781.17,5,585.44,133,4.7,1873,Yes,GHS
1057,Adidas Shorts,Clothing,Adidas,New,3337.31,2836.71,15,2066.43,156,3.5,879,Yes,GHS
1058,Macmillan Novel,Books,Macmillan,New,216.44,183.97,15,140.62,199,4.4,759,Yes,GHS
1059,Decon Vase,Home & Garden,Decon,Open Box,14915.35,13423.82,10,9641.78,107,4.2,1223,Yes,GHS
1060,Puma Basketball,Sports,Puma,New,10599.55,8479.64,20,6365.54,198,3.2,920,Yes,GHS
1061,Penguin Textbook,Books,Penguin,Refurbished,1166.42,933.14,20,729.13,159,3.0,859,No,GHS
1062,Pearson Biography,Books,Pearson,New,276.79,221.43,20,175.29,148,4.4,757,Yes,GHS
1063,McGraw-Hill Science Book,Books,McGraw-Hill,New,480.38,480.38,0,376.61,161,3.5,98,No,GHS
1064,Pearson Dictionary,Books,Pearson,Refurbished,817.26,817.26,0,603.54,15,3.0,1285,No,GHS
1065,Maybelline Moisturizer,Beauty,Maybelline,New,1138.13,967.41,15,817.6,197,4.0,342,Yes,GHS
1066,Oxford Novel,Books,Oxford,Open Box,1193.52,1193.52,0,974.81,39,3.5,212,No,GHS
1067,Cambridge Novel,Books,Cambridge,Open Box,192.95,183.3,5,138.47,108,4.2,543,Yes,GHS
1068,Gucci Dress,Clothing,Gucci,New,4065.26,3455.47,15,2752.62,141,4.0,1939,Yes,GHS
1069,Instant Pot Coffee Maker,Kitchen,Instant Pot,New,3765.68,3389.11,10,2799.43,42,3.4,359,Yes,GHS
1070,Adidas Scarf,Clothing,Adidas,New,3199.36,2559.49,20,2142.42,155,4.3,485,Yes,GHS
1071,H&M Hoodie,Clothing,H&M,New,2762.76,2486.48,10,2038.31,132,3.8,68,Yes,GHS
1072,New Balance Dumbbell Set,Sports,New Balance,New,6147.25,6147.25,0,5093.63,42,3.2,1804,No,GHS
1073,Asus Charger,Electronics,Asus,Refurbished,8083.87,6467.1,20,4863.87,26,3.4,1666,Yes,GHS
1074,Funko Board Game,Toys,Funko,New,2458.58,1966.86,20,1594.57,23,4.2,572,Yes,GHS
1075,Adidas Dress,Clothing,Adidas,New,1797.33,1527.73,15,1070.95,14,3.6,994,No,GHS
1076,Funko Board Game,Toys,Funko,Open Box,3409.7,2727.76,20,2118.48,102,3.3,1762,Yes,GHS
1077,Maybelline Foundation,Beauty,Maybelline,New,540.57,540.57,0,422.77,81,3.4,873,No,GHS
1078,Hasbro Stuffed Animal,Toys,Hasbro,New,3275.39,2784.08,15,2328.85,186,4.0,1045,Yes,GHS
1079,Gucci Hoodie,Clothing,Gucci,New,841.79,673.43,20,540.86,180,4.6,1767,Yes,GHS
1080,Under Armour Dumbbell Set,Sports,Under Armour,Refurbished,5917.94,5622.04,5,4701.67,43,3.4,973,Yes,GHS
1081,Playmobil Card Game,Toys,Playmobil,Open Box,2828.96,2404.62,15,1918.04,161,3.4,668,Yes,GHS
1082,Wilson Bicycle,Sports,Wilson,Open Box,7168.77,6093.45,15,5169.76,162,4.4,758,Yes,GHS
1083,Puma Dumbbell Set,Sports,Puma,New,10432.17,9910.56,5,7762.0,23,3.2,812,Yes,GHS
1084,Ashley Plant Pot,Home & Garden,Ashley,New,6364.24,6364.24,0,4917.1,190,4.8,1808,Yes,GHS
1085,Nike Jeans,Clothing,Nike,Open Box,2116.0,1692.8,20,1291.04,159,3.4,246,Yes,GHS
1086,Yonex Jump Rope,Sports,Yonex,New,1177.85,1001.17,15,781.67,3,3.8,452,Yes,GHS
1087,KitchenAid Blender,Kitchen,KitchenAid,New,5140.81,4883.77,5,3672.46,129,4.1,77,Yes,GHS
1088,Spalding Dumbbell Set,Sports,Spalding,Open Box,3805.57,3234.73,15,2359.32,146,3.1,218,Yes,GHS
1089,Mattel Stuffed Animal,Toys,Mattel,New,1587.29,1507.93,5,1242.64,79,4.9,299,Yes,GHS
1090,Maybelline Moisturizer,Beauty,Maybelline,New,2394.67,2274.94,5,1635.17,166,3.6,1143,Yes,GHS
1091,Ashley Sofa,Home & Garden,Ashley,New,11789.75,10610.77,10,7957.8,138,3.0,728,Yes,GHS
1092,Xiaomi Headphones,Electronics,Xiaomi,Refurbished,3832.35,3065.88,20,2573.4,65,4.6,24,No,GHS
1093,Lenovo Charger,Electronics,Lenovo,Refurbished,26554.15,25226.44,5,20876.54,84,4.6,1382,Yes,GHS
1094,Barbie Building Blocks,Toys,Barbie,New,2700.8,2430.72,10,1970.24,24,4.6,1518,Yes,GHS
1095,Apple Charger,Electronics,Apple,New,803.84,763.65,5,590.27,118,3.0,164,Yes,GHS
1096,Spalding Basketball,Sports,Spalding,New,356.7,356.7,0,270.11,93,3.5,274,Yes,GHS
1097,Lenovo Mouse,Electronics,Lenovo,New,29388.85,29388.85,0,22320.17,137,4.6,1020,Yes,GHS
1098,Fisher-Price Remote Control Car,Toys,Fisher-Price,Open Box,313.4,250.72,20,198.81,138,4.2,75,Yes,GHS
1099,Levi's Jeans,Clothing,Levi's,New,3909.23,3127.38,20,2572.02,152,4.0,1684,Yes,GHS
1100,Dell Mouse,Electronics,Dell,New,20617.2,17524.62,15,12847.22,99,4.2,465,Yes,GHS
1101,Decon Cushion,Home & Garden,Decon,New,11925.76,10733.18,10,7760.62,126,3.2,710,No,GHS
1102,Adidas Shorts,Clothing,Adidas,New,2424.69,1939.75,20,1477.42,181,3.4,1186,Yes,GHS
1103,Kenwood Coffee Maker,Kitchen,Kenwood,Refurbished,1063.36,1010.19,5,764.08,33,3.5,491,No,GHS
1104,Longman Art Book,Books,Longman,New,206.63,206.63,0,162.06,13,3.7,48,Yes,GHS
1105,LG Monitor,Electronics,LG,New,25597.46,21757.84,15,15970.64,49,3.3,373,Yes,GHS
1106,Wiley Art Book,Books,Wiley,New,1132.52,962.64,15,736.0,24,4.5,1621,Yes,GHS
1107,Hasbro Puzzle,Toys,Hasbro,Refurbished,2112.08,1900.87,10,1560.23,41,4.8,1111,Yes,GHS
1108,HarperCollins Self-Help Book,Books,HarperCollins,Open Box,286.06,228.85,20,181.45,117,3.2,1782,Yes,GHS
1109,KitchenAid Cookware Set,Kitchen,KitchenAid,Refurbished,2547.37,2165.26,15,1657.4,196,3.4,1269,Yes,GHS
1110,Ashley Curtains,Home & Garden,Ashley,New,5261.76,5261.76,0,4336.08,90,3.5,1185,Yes,GHS
1111,Xiaomi Smartwatch,Electronics,Xiaomi,New,28123.16,22498.53,20,17005.53,92,3.1,572,Yes,GHS
1112,Ashley Cushion,Home & Garden,Ashley,Open Box,6766.1,5412.88,20,4500.06,198,3.1,1679,Yes,GHS
1113,Adidas Swimming Goggles,Sports,Adidas,New,6064.21,5761.0,5,4769.02,166,3.6,982,No,GHS
1114,Dell Smartphone,Electronics,Dell,Refurbished,1731.13,1644.57,5,1385.86,57,4.4,1583,No,GHS
1115,Wiley Biography,Books,Wiley,New,1049.95,997.45,5,772.38,103,3.4,91,Yes,GHS
1116,Neutrogena Eyeshadow Palette,Beauty,Neutrogena,Refurbished,810.49,688.92,15,536.61,111,4.1,1652,Yes,GHS
1117,Apple Smartphone,Electronics,Apple,New,1186.8,1008.78,15,755.58,31,4.7,1125,Yes,GHS
1118,Maybelline Foundation,Beauty,Maybelline,New,1465.6,1245.76,15,941.87,42,4.9,626,Yes,GHS
1119,Gucci Suit,Clothing,Gucci,New,3825.59,3634.31,5,3059.45,44,5.0,918,Yes,GHS
1120,Hot Wheels Puzzle,Toys,Hot Wheels,New,3532.47,2825.98,20,2352.05,17,4.6,287,Yes,GHS
1121,Samsung Headphones,Electronics,Samsung,Refurbished,12906.02,10970.12,15,8713.52,180,4.1,14,No,GHS
1122,L'Oreal Moisturizer,Beauty,L'Oreal,New,1089.45,1089.45,0,888.21,32,4.0,1557,Yes,GHS
1123,Nike Basketball,Sports,Nike,New,4431.05,3766.39,15,3114.27,80,4.2,971,Yes,GHS
1124,Breville Electric Kettle,Kitchen,Breville,Refurbished,1118.07,1118.07,0,839.59,148,3.2,1014,Yes,GHS
1125,Zojirushi Rice Cooker,Kitchen,Zojirushi,New,1341.64,1073.31,20,761.02,137,4.4,134,Yes,GHS
1126,Pottery Barn Bookshelf,Home & Garden,Pottery Barn,New,11070.0,8856.0,20,6599.08,130,3.3,1143,No,GHS
1127,IKEA Sofa,Home & Garden,IKEA,Open Box,20170.81,20170.81,0,16691.05,132,3.4,129,Yes,GHS
1128,Melissa & Doug Card Game,Toys,Melissa & Doug,New,2940.74,2940.74,0,2133.03,118,4.9,1243,Yes,GHS
1129,Dove Serum,Beauty,Dove,New,710.22,710.22,0,517.53,61,4.6,652,No,GHS
1130,Cambridge Self-Help Book,Books,Cambridge,New,427.6,384.84,10,314.15,105,4.1,1002,Yes,GHS
1131,Barbie Doll,Toys,Barbie,New,486.39,389.11,20,302.4,8,4.3,82,No,GHS
1132,NYX Perfume,Beauty,NYX,New,369.57,351.09,5,284.89,94,4.3,372,Yes,GHS
1133,Instant Pot Toaster,Kitchen,Instant Pot,New,5629.95,4785.46,15,4023.47,116,3.5,1062,Yes,GHS
1134,Fisher-Price LEGO Set,Toys,Fisher-Price,New,3329.18,2663.34,20,2120.41,31,3.9,1080,No,GHS
1135,Under Armour Running Shoes,Sports,Under Armour,New,302.77,302.77,0,253.8,135,3.8,311,Yes,GHS
1136,NYX Lipstick,Beauty,NYX,Refurbished,831.61,831.61,0,706.21,109,3.1,1759,Yes,GHS
1137,LG Speaker,Electronics,LG,Open Box,23651.84,23651.84,0,19034.16,71,3.4,415,No,GHS
1138,KitchenAid Toaster,Kitchen,KitchenAid,Open Box,7240.3,6154.26,15,4795.6,165,3.6,428,Yes,GHS
1139,Bosch Cutting Board,Kitchen,Bosch,New,8656.33,7790.7,10,6371.25,50,4.5,1513,Yes,GHS
1140,Zara Hoodie,Clothing,Zara,Open Box,1907.15,1525.72,20,1237.63,195,3.9,1714,Yes,GHS
1141,West Elm Bookshelf,Home & Garden,West Elm,Open Box,10112.67,9101.4,10,7384.62,32,4.5,844,Yes,GHS
1142,Sony Monitor,Electronics,Sony,Open Box,21612.56,19451.3,10,14878.51,51,3.1,1429,Yes,GHS
1143,Wilson Dumbbell Set,Sports,Wilson,Refurbished,8435.67,7592.1,10,5965.8,35,5.0,1075,No,GHS
1144,HarperCollins Cookbook,Books,HarperCollins,Refurbished,642.95,642.95,0,525.97,188,3.2,1384,Yes,GHS
1145,Asus Charger,Electronics,Asus,Refurbished,33953.88,30558.49,10,22082.02,136,4.7,528,Yes,GHS
1146,Ashley Bookshelf,Home & Garden,Ashley,New,7693.11,6923.8,10,5465.41,36,3.7,196,Yes,GHS
1147,Cambridge Travel Guide,Books,Cambridge,Refurbished,553.98,526.28,5,368.53,174,4.8,1013,Yes,GHS
1148,Adidas Football,Sports,Adidas,Refurbished,7754.86,7754.86,0,6039.27,164,3.2,1009,Yes,GHS
1149,KitchenAid Air Fryer,Kitchen,KitchenAid,Refurbished,2463.55,1970.84,20,1462.63,36,4.0,1397,Yes,GHS
1150,Reebok Football,Sports,Reebok,New,10742.97,9668.67,10,8105.02,121,4.2,318,Yes,GHS
1151,McGraw-Hill Art Book,Books,McGraw-Hill,Refurbished,842.6,842.6,0,631.72,198,4.5,445,Yes,GHS
1152,Tommy Hilfiger Scarf,Clothing,Tommy Hilfiger,New,4129.28,3509.89,15,2574.79,5,4.0,1078,Yes,GHS
1153,Scholastic Children's Book,Books,Scholastic,New,1054.96,1054.96,0,893.3,71,4.1,1527,No,GHS
1154,Penguin Textbook,Books,Penguin,Refurbished,1139.21,968.33,15,723.92,124,4.7,464,Yes,GHS
1155,HP Smartwatch,Electronics,HP,New,34242.52,32530.39,5,25644.07,187,4.9,222,Yes,GHS
1156,Instant Pot Coffee Maker,Kitchen,Instant Pot,Refurbished,2553.21,2170.23,15,1613.02,142,4.2,169,Yes,GHS
1157,Philips Blender,Kitchen,Philips,New,7651.16,6886.04,10,5401.5,115,4.4,535,Yes,GHS
1158,Homechoice Sofa,Home & Garden,Homechoice,New,8220.86,8220.86,0,6055.62,12,4.2,1653,Yes,GHS
1159,NYX Perfume,Beauty,NYX,New,2029.67,1623.74,20,1231.9,16,3.3,511,Yes,GHS
1160,Neutrogena Mascara,Beauty,Neutrogena,New,2138.55,2138.55,0,1679.49,107,4.9,1985,Yes,GHS
1161,Nivea Serum,Beauty,Nivea,Open Box,2341.64,1873.31,20,1362.55,135,4.6,816,No,GHS
1162,Breville Electric Kettle,Kitchen,Breville,Refurbished,6716.78,6045.1,10,4803.3,95,3.7,149,No,GHS
1163,Wiley Textbook,Books,Wiley,Open Box,335.11,318.35,5,239.7,120,3.9,1670,No,GHS
1164,Nike T-Shirt,Clothing,Nike,Open Box,722.44,686.32,5,532.57,64,4.0,773,Yes,GHS
1165,Barbie Building Blocks,Toys,Barbie,Open Box,966.7,870.03,10,686.78,128,3.0,342,Yes,GHS
1166,Levi's Boots,Clothing,Levi's,New,1626.42,1626.42,0,1261.65,200,4.4,628,Yes,GHS
1167,HP Monitor,Electronics,HP,New,1430.17,1430.17,0,1019.36,196,3.2,1885,Yes,GHS
1168,Reebok Tennis Racket,Sports,Reebok,Refurbished,2441.52,2197.37,10,1643.81,66,4.6,77,No,GHS
1169,Speedo Swimming Goggles,Sports,Speedo,Open Box,2776.19,2359.76,15,1697.58,154,4.3,1208,Yes,GHS
1170,Crate & Barrel Rug,Home & Garden,Crate & Barrel,New,20766.54,16613.23,20,13491.77,42,3.3,199,Yes,GHS
1171,Huawei Smartphone,Electronics,Huawei,New,18665.78,16799.2,10,13910.06,135,3.1,1398,No,GHS
1172,Moulinex Electric Kettle,Kitchen,Moulinex,Open Box,2668.81,2401.93,10,1776.15,135,4.4,1594,Yes,GHS
1173,Olay Straightener,Beauty,Olay,New,1793.1,1703.44,5,1201.49,183,3.1,1624,Yes,GHS
1174,Ashley Wall Art,Home & Garden,Ashley,New,16975.05,15277.55,10,12580.45,34,4.0,1786,Yes,GHS
1175,Nike Bicycle,Sports,Nike,Refurbished,640.53,576.48,10,460.02,167,3.8,880,Yes,GHS
1176,Cuisinart Toaster,Kitchen,Cuisinart,Open Box,5051.36,4293.66,15,3586.96,59,4.4,320,Yes,GHS
1177,MAC Eyeshadow Palette,Beauty,MAC,New,375.53,300.42,20,233.25,149,4.9,598,Yes,GHS
1178,Instant Pot Electric Kettle,Kitchen,Instant Pot,New,6124.83,4899.86,20,3453.66,72,4.2,595,Yes,GHS
1179,Philips Coffee Maker,Kitchen,Philips,Refurbished,2816.84,2253.47,20,1585.63,71,3.7,797,Yes,GHS
1180,Pearson Science Book,Books,Pearson,New,394.64,335.44,15,248.38,154,3.3,680,Yes,GHS
1181,Puma Swimming Goggles,Sports,Puma,Open Box,6173.31,6173.31,0,4428.79,20,4.6,286,No,GHS
1182,HP Power Bank,Electronics,HP,New,8380.15,7542.14,10,5982.92,195,4.9,400,Yes,GHS
1183,Xiaomi Mouse,Electronics,Xiaomi,New,17946.07,15254.16,15,11648.63,39,4.8,359,Yes,GHS
1184,Hasbro Remote Control Car,Toys,Hasbro,New,2372.8,2254.16,5,1914.53,94,4.9,1305,No,GHS
1185,Adidas Gym Bag,Sports,Adidas,Open Box,8699.42,6959.54,20,5564.23,183,3.4,1640,Yes,GHS
1186,Cuisinart Knife Set,Kitchen,Cuisinart,Open Box,6531.03,5224.82,20,4072.37,157,4.9,451,Yes,GHS
1187,KitchenAid Blender,Kitchen,KitchenAid,New,494.04,419.93,15,349.99,132,4.3,1203,Yes,GHS
1188,Zara Jeans,Clothing,Zara,Open Box,684.23,650.02,5,540.02,134,4.6,847,Yes,GHS
1189,Nike Swimming Goggles,Sports,Nike,Refurbished,5884.39,5001.73,15,3913.15,133,4.6,446,Yes,GHS
1190,Philips Rice Cooker,Kitchen,Philips,New,6023.1,5119.64,15,4323.32,42,4.4,56,Yes,GHS
1191,Under Armour Running Shoes,Sports,Under Armour,Refurbished,4791.15,4072.48,15,3461.05,154,3.5,1726,No,GHS
1192,Ashley Mirror,Home & Garden,Ashley,New,2918.39,2626.55,10,2111.73,116,3.4,735,Yes,GHS
1193,Mattel Board Game,Toys,Mattel,Open Box,2307.41,2307.41,0,1868.3,193,3.1,1375,No,GHS
1194,LG Charger,Electronics,LG,Open Box,20011.92,17010.13,15,14411.52,11,3.2,15,No,GHS
1195,VTech Doll,Toys,VTech,Refurbished,1377.09,1308.24,5,928.48,30,4.2,691,Yes,GHS
1196,Nike Swimming Goggles,Sports,Nike,New,4548.21,3638.57,20,2971.87,151,4.1,1891,No,GHS
1197,Gucci Gloves,Clothing,Gucci,New,2856.69,2856.69,0,2168.69,154,4.3,1171,Yes,GHS
1198,Wiley Biography,Books,Wiley,Open Box,105.43,94.89,10,73.74,102,4.2,1069,Yes,GHS
1199,MAC Perfume,Beauty,MAC,Open Box,908.14,726.51,20,534.54,179,3.4,340,No,GHS
1200,Philips Rice Cooker,Kitchen,Philips,New,5723.13,4578.5,20,3321.1,55,3.3,784,Yes,GHS
1201,Wilson Running Shoes,Sports,Wilson,Open Box,6497.34,5197.87,20,4024.32,138,4.8,414,No,GHS
1202,Sony Mouse,Electronics,Sony,New,10967.2,10967.2,0,8479.47,114,4.5,1697,No,GHS
1203,Cambridge Dictionary,Books,Cambridge,New,963.81,915.62,5,774.45,81,4.6,588,Yes,GHS
1204,LEGO Stuffed Animal,Toys,LEGO,New,948.6,806.31,15,586.13,177,4.4,1252,No,GHS
1205,Zojirushi Toaster,Kitchen,Zojirushi,New,5597.74,5317.85,5,4309.74,139,4.4,896,Yes,GHS
1206,Crate & Barrel Cushion,Home & Garden,Crate & Barrel,Open Box,13296.8,13296.8,0,10551.13,55,4.9,556,No,GHS
1207,Hot Wheels Building Blocks,Toys,Hot Wheels,Open Box,3375.87,3038.28,10,2304.98,185,4.2,1351,Yes,GHS
1208,Xiaomi Smartphone,Electronics,Xiaomi,New,17145.81,17145.81,0,13668.07,168,4.7,1818,Yes,GHS
1209,Levi's Scarf,Clothing,Levi's,Open Box,1294.25,1100.11,15,899.5,36,3.9,810,Yes,GHS
1210,Reebok Dumbbell Set,Sports,Reebok,Refurbished,8526.04,7247.13,15,5822.73,160,4.9,725,Yes,GHS
1211,HP Tablet,Electronics,HP,New,22230.83,18896.21,15,13704.67,161,3.7,691,No,GHS
1212,LEGO Stuffed Animal,Toys,LEGO,Refurbished,2678.82,2410.94,10,1836.84,103,5.0,818,Yes,GHS
1213,Ralph Lauren Boots,Clothing,Ralph Lauren,New,4010.18,4010.18,0,3355.35,52,4.1,839,No,GHS
1214,Adidas Boots,Clothing,Adidas,New,410.67,369.6,10,272.99,174,3.8,460,Yes,GHS
1215,Wayfair Sofa,Home & Garden,Wayfair,New,6917.87,6226.08,10,5137.46,184,3.4,230,Yes,GHS
1216,Zara Scarf,Clothing,Zara,New,1451.92,1161.54,20,940.37,55,3.6,19,No,GHS
1217,Pearson Novel,Books,Pearson,Refurbished,886.8,798.12,10,625.56,122,4.3,907,Yes,GHS
1218,H&M Hat,Clothing,H&M,New,1949.94,1852.44,5,1385.5,176,4.3,897,No,GHS
1219,Hot Wheels Board Game,Toys,Hot Wheels,Open Box,2822.59,2399.2,15,1866.05,105,4.0,887,No,GHS
1220,Pottery Barn Plant Pot,Home & Garden,Pottery Barn,New,13607.65,12246.89,10,9352.62,22,4.8,1715,Yes,GHS
1221,MAC Straightener,Beauty,MAC,Refurbished,1741.67,1480.42,15,1185.87,125,3.3,1175,Yes,GHS
1222,McGraw-Hill Dictionary,Books,McGraw-Hill,Open Box,593.2,504.22,15,365.19,170,3.5,1794,Yes,GHS
1223,Pearson Children's Book,Books,Pearson,New,102.79,92.51,10,76.06,80,3.0,1023,Yes,GHS
1224,Yonex Gym Bag,Sports,Yonex,New,4305.86,3444.69,20,2799.95,85,3.7,1840,No,GHS
1225,Tefal Coffee Maker,Kitchen,Tefal,New,4872.65,4385.39,10,3342.79,110,3.8,939,Yes,GHS
1226,Barbie Remote Control Car,Toys,Barbie,Open Box,2099.82,1784.85,15,1298.47,7,3.8,373,Yes,GHS
1227,Under Armour Running Shoes,Sports,Under Armour,Refurbished,7730.06,6184.05,20,4542.57,25,4.1,1074,Yes,GHS
1228,VTech Action Figure,Toys,VTech,New,2219.73,2108.74,5,1661.51,52,5.0,1818,Yes,GHS
1229,West Elm Bookshelf,Home & Garden,West Elm,New,8588.83,6871.06,20,5085.26,178,4.1,1754,Yes,GHS
1230,Samsung Smartphone,Electronics,Samsung,Refurbished,31090.78,24872.62,20,20483.35,195,3.7,1762,Yes,GHS
1231,Under Armour Football,Sports,Under Armour,New,6652.44,6652.44,0,5537.4,180,4.3,1541,Yes,GHS
1232,Mattel Card Game,Toys,Mattel,Refurbished,2281.45,2053.3,10,1468.1,98,4.4,191,No,GHS
1233,Oxford Self-Help Book,Books,Oxford,Refurbished,375.98,338.38,10,275.23,87,4.9,1694,Yes,GHS
1234,Maybelline Straightener,Beauty,Maybelline,Refurbished,2527.84,2401.45,5,1700.71,187,4.8,509,No,GHS
1235,Broyhill Cushion,Home & Garden,Broyhill,New,15743.14,13381.67,15,10394.48,36,3.5,417,Yes,GHS
1236,Olay Hair Dryer,Beauty,Olay,Open Box,297.92,297.92,0,227.45,70,3.4,865,Yes,GHS
1237,Calvin Klein Scarf,Clothing,Calvin Klein,New,1812.48,1540.61,15,1194.27,177,3.7,148,Yes,GHS
1238,VTech Card Game,Toys,VTech,Refurbished,2367.91,2249.51,5,1903.07,130,4.9,1780,Yes,GHS
1239,Cuisinart Blender,Kitchen,Cuisinart,New,7097.53,6742.65,5,5230.47,176,3.9,41,Yes,GHS
1240,Fenty Beauty Moisturizer,Beauty,Fenty Beauty,Refurbished,710.05,568.04,20,455.91,15,4.3,942,Yes,GHS
1241,Adidas T-Shirt,Clothing,Adidas,Refurbished,839.56,671.65,20,479.12,66,3.9,1766,Yes,GHS
1242,Puma Tennis Racket,Sports,Puma,New,8816.96,8376.11,5,6067.51,117,3.1,37,No,GHS
1243,Ralph Lauren Boots,Clothing,Ralph Lauren,New,3292.9,2634.32,20,2003.01,27,3.2,1151,Yes,GHS
1244,Barbie LEGO Set,Toys,Barbie,Open Box,2888.63,2888.63,0,2338.24,87,3.2,1912,No,GHS
1245,Sony Mouse,Electronics,Sony,Open Box,10197.73,9177.96,10,6761.18,193,4.4,1662,Yes,GHS
1246,McGraw-Hill Novel,Books,McGraw-Hill,New,127.04,120.69,5,97.66,170,5.0,1544,Yes,GHS
1247,Huawei Smartwatch,Electronics,Huawei,New,20386.41,18347.77,10,15421.32,35,4.2,1115,No,GHS
1248,Adidas Basketball,Sports,Adidas,New,6666.65,6666.65,0,5526.16,161,4.2,1810,No,GHS
1249,Pearson Science Book,Books,Pearson,Open Box,916.63,779.14,15,651.31,175,4.2,1415,Yes,GHS
1250,Tommy Hilfiger Jacket,Clothing,Tommy Hilfiger,Refurbished,1590.35,1590.35,0,1290.13,84,4.3,363,Yes,GHS
1251,Dell Camera,Electronics,Dell,New,30107.82,28602.43,5,23020.57,145,3.7,1367,No,GHS
1252,Neutrogena Straightener,Beauty,Neutrogena,Open Box,1928.88,1832.44,5,1422.42,1,4.6,1837,Yes,GHS
1253,Puma Gym Bag,Sports,Puma,New,6161.99,5853.89,5,4935.81,65,3.2,582,No,GHS
1254,LG Tablet,Electronics,LG,Refurbished,18825.31,17884.04,5,14640.11,120,4.3,528,No,GHS
1255,Pearson Art Book,Books,Pearson,New,390.23,370.72,5,312.25,80,5.0,1001,Yes,GHS
1256,Tommy Hilfiger Scarf,Clothing,Tommy Hilfiger,New,3280.68,2952.61,10,2223.87,130,5.0,792,No,GHS
1257,Nivea Straightener,Beauty,Nivea,New,2269.36,1928.96,15,1353.74,88,3.1,512,Yes,GHS
1258,Pottery Barn Curtains,Home & Garden,Pottery Barn,New,6414.3,5452.15,15,4324.73,14,4.0,788,Yes,GHS
1259,Melissa & Doug Building Blocks,Toys,Melissa & Doug,New,1131.78,1018.6,10,844.93,168,4.0,317,Yes,GHS
1260,New Balance Swimming Goggles,Sports,New Balance,Open Box,9694.98,9210.23,5,6500.27,19,3.9,1029,Yes,GHS
1261,Sony Power Bank,Electronics,Sony,New,18268.28,16441.45,10,11762.03,146,3.0,194,No,GHS
1262,MAC Moisturizer,Beauty,MAC,Open Box,2120.91,2120.91,0,1575.55,23,4.1,637,No,GHS
1263,Tefal Blender,Kitchen,Tefal,New,4910.37,4419.33,10,3656.46,25,4.7,1885,No,GHS
1264,Bosch Rice Cooker,Kitchen,Bosch,Refurbished,2387.77,2268.38,5,1823.59,199,4.8,1204,Yes,GHS
1265,Apple Mouse,Electronics,Apple,New,24033.68,21630.31,10,17528.78,150,3.9,330,No,GHS
1266,Ashley Vase,Home & Garden,Ashley,New,8990.81,8091.73,10,6229.44,52,3.8,904,Yes,GHS
1267,Pearson Novel,Books,Pearson,Open Box,1057.89,899.21,15,723.71,52,3.8,1125,Yes,GHS
1268,Wayfair Wall Art,Home & Garden,Wayfair,Refurbished,19506.73,19506.73,0,14556.79,13,4.0,1887,Yes,GHS
1269,West Elm Wall Art,Home & Garden,West Elm,New,7223.3,6139.81,15,4954.4,184,3.6,929,Yes,GHS
1270,Playmobil Doll,Toys,Playmobil,New,2801.16,2380.99,15,1988.83,20,4.2,1724,Yes,GHS
1271,Asus Charger,Electronics,Asus,Refurbished,22814.19,21673.48,5,18201.31,51,3.1,1870,Yes,GHS
1272,H&M Hoodie,Clothing,H&M,New,949.0,901.55,5,642.52,198,4.0,998,Yes,GHS
1273,Speedo Gym Bag,Sports,Speedo,Open Box,1021.48,970.41,5,696.96,124,4.7,1869,Yes,GHS
1274,Crate & Barrel Lamp,Home & Garden,Crate & Barrel,New,18857.51,15086.01,20,11739.64,64,4.7,1139,Yes,GHS
1275,Philips Blender,Kitchen,Philips,New,7430.85,7430.85,0,5751.79,95,4.2,907,No,GHS
1276,Neutrogena Moisturizer,Beauty,Neutrogena,New,747.66,672.89,10,488.26,117,4.9,689,Yes,GHS
1277,Revlon Serum,Beauty,Revlon,New,204.08,183.67,10,137.59,175,4.4,1656,Yes,GHS
1278,Nike Jeans,Clothing,Nike,New,3925.54,3140.43,20,2567.96,159,3.1,829,Yes,GHS
1279,Ralph Lauren Scarf,Clothing,Ralph Lauren,Open Box,986.27,838.33,15,614.86,178,4.0,1832,Yes,GHS
1280,Cambridge Self-Help Book,Books,Cambridge,New,651.54,521.23,20,408.92,156,4.7,187,Yes,GHS
1281,Broyhill Sofa,Home & Garden,Broyhill,Refurbished,10810.87,8648.7,20,6657.22,141,3.5,10,No,GHS
1282,Moulinex Food Processor,Kitchen,Moulinex,New,8483.48,7210.96,15,5526.5,85,3.7,1095,No,GHS
1283,Bosch Toaster,Kitchen,Bosch,New,5802.35,4932.0,15,3699.12,103,4.5,451,Yes,GHS
1284,McGraw-Hill Biography,Books,McGraw-Hill,Open Box,699.97,699.97,0,563.75,151,3.3,309,Yes,GHS
1285,Puma Jeans,Clothing,Puma,New,232.52,220.89,5,172.79,182,4.3,241,Yes,GHS
1286,Philips Cookware Set,Kitchen,Philips,Open Box,5278.49,4750.64,10,3924.11,74,3.2,1525,Yes,GHS
1287,Crate & Barrel Plant Pot,Home & Garden,Crate & Barrel,New,17589.82,14071.86,20,9943.53,10,3.0,1607,Yes,GHS
1288,Playmobil Building Blocks,Toys,Playmobil,New,1003.03,1003.03,0,742.92,1,3.8,928,Yes,GHS
1289,Kenwood Blender,Kitchen,Kenwood,New,7147.15,6432.43,10,5290.03,135,3.9,1631,Yes,GHS
1290,Mattel Stuffed Animal,Toys,Mattel,Refurbished,3658.19,3109.46,15,2607.73,73,4.7,514,Yes,GHS
1291,VTech LEGO Set,Toys,VTech,Open Box,1128.26,959.02,15,782.74,118,4.7,846,Yes,GHS
1292,Yonex Bicycle,Sports,Yonex,New,1689.75,1689.75,0,1208.69,147,4.8,839,Yes,GHS
1293,Broyhill Dining Table,Home & Garden,Broyhill,New,7796.85,6627.32,15,4954.31,172,4.2,698,Yes,GHS
1294,McGraw-Hill Travel Guide,Books,McGraw-Hill,New,149.44,141.97,5,104.61,104,4.3,1718,Yes,GHS
1295,Barbie Board Game,Toys,Barbie,New,322.92,274.48,15,214.25,27,3.6,738,Yes,GHS
1296,Instant Pot Rice Cooker,Kitchen,Instant Pot,New,3453.14,3107.83,10,2527.61,147,4.0,1313,Yes,GHS
1297,LG Headphones,Electronics,LG,New,26741.25,25404.19,5,18798.91,79,4.2,1114,Yes,GHS
1298,Yonex Running Shoes,Sports,Yonex,Open Box,7288.99,6924.54,5,5343.78,43,4.3,347,No,GHS
1299,Scholastic Travel Guide,Books,Scholastic,Refurbished,120.92,114.87,5,84.02,64,4.5,663,Yes,GHS
1300,Philips Toaster,Kitchen,Philips,Refurbished,2207.44,1765.95,20,1288.17,110,4.7,1403,Yes,GHS
1301,Ashley Vase,Home & Garden,Ashley,New,5219.21,4697.29,10,3571.39,173,3.4,230,Yes,GHS
1302,Olay Moisturizer,Beauty,Olay,Refurbished,2963.62,2815.44,5,2066.1,36,3.7,545,No,GHS
1303,Decon Mirror,Home & Garden,Decon,New,1822.05,1639.85,10,1327.66,132,4.7,67,No,GHS
1304,Adidas Suit,Clothing,Adidas,New,174.06,174.06,0,123.72,160,3.0,176,Yes,GHS
1305,Moulinex Air Fryer,Kitchen,Moulinex,New,1095.16,876.13,20,687.33,59,4.6,378,No,GHS
1306,Adidas T-Shirt,Clothing,Adidas,Open Box,460.12,391.1,15,275.41,38,4.7,388,Yes,GHS
1307,Cuisinart Toaster,Kitchen,Cuisinart,New,4186.47,3558.5,15,2550.67,50,3.9,422,Yes,GHS
1308,Huawei Mouse,Electronics,Huawei,New,7285.27,6556.74,10,4905.57,109,4.1,1431,Yes,GHS
1309,Oxford Self-Help Book,Books,Oxford,New,75.39,75.39,0,59.85,7,3.8,1806,Yes,GHS
1310,Gucci T-Shirt,Clothing,Gucci,New,3076.4,2614.94,15,2160.2,47,4.9,764,Yes,GHS
1311,Huawei Speaker,Electronics,Huawei,Refurbished,25451.76,22906.58,10,19192.18,70,3.5,385,Yes,GHS
1312,Cambridge Novel,Books,Cambridge,Refurbished,173.52,147.49,15,120.95,106,3.2,1101,Yes,GHS
1313,Nivea Eyeshadow Palette,Beauty,Nivea,New,411.64,391.06,5,289.83,159,4.7,1138,Yes,GHS
1314,Lenovo Headphones,Electronics,Lenovo,New,24485.81,22037.23,10,17745.61,128,3.2,664,Yes,GHS
1315,Cambridge Dictionary,Books,Cambridge,Refurbished,813.74,773.05,5,641.2,5,4.5,1303,Yes,GHS
1316,Moulinex Toaster,Kitchen,Moulinex,Refurbished,6278.36,5022.69,20,4220.33,198,4.2,1427,No,GHS
1317,Breville Toaster,Kitchen,Breville,New,4242.47,3818.22,10,2982.33,140,4.0,754,No,GHS
1318,Barbie Doll,Toys,Barbie,New,3432.3,3432.3,0,2814.92,88,4.1,1781,Yes,GHS
1319,Wiley Cookbook,Books,Wiley,Open Box,1014.61,913.15,10,662.29,44,3.9,472,Yes,GHS
1320,Fisher-Price Board Game,Toys,Fisher-Price,New,1978.72,1681.91,15,1314.63,16,4.3,1997,Yes,GHS
1321,Asus Charger,Electronics,Asus,New,23214.79,18571.83,20,15015.44,137,4.5,1804,Yes,GHS
1322,Oxford Children's Book,Books,Oxford,New,1137.97,1024.17,10,742.43,67,4.6,1159,Yes,GHS
1323,LG Power Bank,Electronics,LG,New,3427.2,3084.48,10,2270.56,186,3.9,837,No,GHS
1324,Wayfair Cushion,Home & Garden,Wayfair,Open Box,926.36,833.72,10,661.3,65,4.7,27,Yes,GHS
1325,Spalding Football,Sports,Spalding,New,2008.7,2008.7,0,1599.78,60,4.3,1136,Yes,GHS
1326,Moulinex Cutting Board,Kitchen,Moulinex,Refurbished,1529.25,1529.25,0,1082.56,182,4.6,621,Yes,GHS
1327,Melissa & Doug Building Blocks,Toys,Melissa & Doug,Open Box,591.16,472.93,20,341.02,64,4.3,904,Yes,GHS
1328,Levi's Gloves,Clothing,Levi's,New,3046.37,2589.41,15,1861.93,111,4.5,1698,Yes,GHS
1329,Melissa & Doug Building Blocks,Toys,Melissa & Doug,New,2890.58,2746.05,5,2034.85,38,4.2,332,Yes,GHS
1330,LG Tablet,Electronics,LG,New,37004.95,35154.7,5,25423.71,134,3.5,1030,Yes,GHS
1331,Zojirushi Food Processor,Kitchen,Zojirushi,New,8061.44,6449.15,20,4799.43,76,3.1,1912,Yes,GHS
1332,HP Headphones,Electronics,HP,Open Box,5955.49,4764.39,20,3988.89,105,4.0,1771,Yes,GHS
1333,Longman Dictionary,Books,Longman,Refurbished,564.53,451.62,20,354.16,9,4.6,1481,Yes,GHS
1334,Barbie Puzzle,Toys,Barbie,New,1950.83,1560.66,20,1223.25,172,3.3,1514,Yes,GHS
1335,Macmillan Novel,Books,Macmillan,New,770.77,616.62,20,498.92,168,3.3,616,Yes,GHS
1336,Puma Shorts,Clothing,Puma,New,924.41,924.41,0,671.43,108,4.9,1426,Yes,GHS
1337,Decon Bookshelf,Home & Garden,Decon,New,20183.95,17156.36,15,12243.54,17,4.8,534,Yes,GHS
1338,Funko Science Kit,Toys,Funko,Open Box,3349.13,2846.76,15,2323.52,163,3.7,1594,No,GHS
1339,Lenovo Power Bank,Electronics,Lenovo,Open Box,30918.56,30918.56,0,25632.66,186,5.0,939,Yes,GHS
1340,Wayfair Sofa,Home & Garden,Wayfair,Refurbished,8666.38,6933.1,20,4901.2,121,4.7,1198,Yes,GHS
1341,NYX Serum,Beauty,NYX,New,370.95,370.95,0,312.97,56,3.8,558,Yes,GHS
1342,New Balance Running Shoes,Sports,New Balance,Open Box,9280.74,7424.59,20,5348.27,64,4.5,569,Yes,GHS
1343,Penguin Art Book,Books,Penguin,New,557.25,529.39,5,446.11,75,4.8,72,Yes,GHS
1344,Under Armour Gym Bag,Sports,Under Armour,Refurbished,269.23,228.85,15,168.2,85,3.5,1038,Yes,GHS
1345,Melissa & Doug Action Figure,Toys,Melissa & Doug,Refurbished,403.87,363.48,10,279.22,80,3.3,1253,Yes,GHS
1346,West Elm Vase,Home & Garden,West Elm,New,13262.16,12599.05,5,10178.9,165,3.0,1927,Yes,GHS
1347,Samsung Power Bank,Electronics,Samsung,New,12920.03,12920.03,0,9647.02,142,3.1,989,Yes,GHS
1348,KitchenAid Cutting Board,Kitchen,KitchenAid,New,7569.87,6434.39,15,4685.92,112,3.9,395,No,GHS
1349,Under Armour Jump Rope,Sports,Under Armour,New,1606.79,1365.77,15,1092.95,32,3.6,1294,Yes,GHS
1350,HP Camera,Electronics,HP,New,28865.68,28865.68,0,21235.11,40,4.3,1656,Yes,GHS
1351,Reebok Football,Sports,Reebok,New,7153.32,5722.66,20,4431.88,192,3.8,870,No,GHS
1352,Pearson Textbook,Books,Pearson,New,675.39,641.62,5,540.9,139,3.5,209,Yes,GHS
1353,Zara Suit,Clothing,Zara,Refurbished,2096.9,1887.21,10,1503.24,7,4.1,549,Yes,GHS
1354,H&M Jacket,Clothing,H&M,New,3322.64,2658.11,20,1934.39,36,4.6,1506,No,GHS
1355,Funko Building Blocks,Toys,Funko,New,460.74,368.59,20,271.27,113,4.1,718,Yes,GHS
1356,Tommy Hilfiger Hat,Clothing,Tommy Hilfiger,New,1003.63,853.09,15,625.05,119,3.0,1437,No,GHS
1357,Neutrogena Mascara,Beauty,Neutrogena,New,998.8,948.86,5,703.65,103,4.5,767,No,GHS
1358,New Balance Basketball,Sports,New Balance,New,2082.84,2082.84,0,1498.86,95,4.0,208,Yes,GHS
1359,Wilson Bicycle,Sports,Wilson,Refurbished,7567.98,7567.98,0,6332.62,16,3.5,235,No,GHS
1360,Nike Jeans,Clothing,Nike,Open Box,1260.41,1071.35,15,824.98,181,3.5,1836,Yes,GHS
1361,Wayfair Lamp,Home & Garden,Wayfair,New,14884.62,14884.62,0,11296.0,104,3.1,576,Yes,GHS
1362,Under Armour Running Shoes,Sports,Under Armour,Open Box,1635.77,1308.62,20,927.97,106,4.3,237,Yes,GHS
1363,Wiley Children's Book,Books,Wiley,New,689.56,655.08,5,551.56,39,3.3,1804,Yes,GHS
1364,Ashley Sofa,Home & Garden,Ashley,New,16562.35,14078.0,15,11714.38,59,3.4,848,Yes,GHS
1365,Hot Wheels Building Blocks,Toys,Hot Wheels,Refurbished,3155.69,2840.12,10,2218.78,85,4.0,1493,Yes,GHS
1366,Zara Shorts,Clothing,Zara,New,3587.24,3407.88,5,2500.89,92,3.3,169,Yes,GHS
1367,Moulinex Blender,Kitchen,Moulinex,New,691.74,691.74,0,584.16,163,3.6,1454,Yes,GHS
1368,VTech Puzzle,Toys,VTech,New,949.95,902.45,5,756.63,170,4.7,671,Yes,GHS
1369,Pottery Barn Wall Art,Home & Garden,Pottery Barn,Open Box,13078.39,13078.39,0,10544.84,25,4.3,1832,Yes,GHS
1370,Tefal Air Fryer,Kitchen,Tefal,New,8742.81,7431.39,15,6147.94,78,3.8,1643,Yes,GHS
1371,IKEA Rug,Home & Garden,IKEA,New,16866.68,15180.01,10,12415.54,67,3.5,337,Yes,GHS
1372,Under Armour Gym Bag,Sports,Under Armour,Refurbished,2087.49,1983.12,5,1649.71,132,3.6,1713,No,GHS
1373,Apple Tablet,Electronics,Apple,Open Box,21111.45,17944.73,15,13732.55,81,5.0,28,Yes,GHS
1374,Huawei Charger,Electronics,Huawei,New,25690.56,24406.03,5,18497.08,12,3.6,81,Yes,GHS
1375,McGraw-Hill Textbook,Books,McGraw-Hill,New,1185.2,1125.94,5,913.39,161,3.5,866,Yes,GHS
1376,Pearson Dictionary,Books,Pearson,New,482.92,410.48,15,312.68,9,3.7,939,Yes,GHS
1377,HarperCollins Art Book,Books,HarperCollins,New,747.51,635.38,15,518.59,151,3.8,732,No,GHS
1378,Spalding Jump Rope,Sports,Spalding,New,4533.27,4079.94,10,3045.4,24,4.5,989,Yes,GHS
1379,Reebok Yoga Mat,Sports,Reebok,New,1185.21,1185.21,0,911.42,8,3.7,1530,Yes,GHS
1380,Oxford Dictionary,Books,Oxford,Refurbished,474.06,402.95,15,325.89,187,4.8,388,Yes,GHS
1381,Wayfair Bed Frame,Home & Garden,Wayfair,New,14804.75,11843.8,20,9958.13,20,3.3,142,Yes,GHS
1382,Maybelline Mascara,Beauty,Maybelline,New,1019.01,866.16,15,661.77,149,4.9,423,No,GHS
1383,Spalding Bicycle,Sports,Spalding,New,11024.35,8819.48,20,7022.13,57,4.8,1611,No,GHS
1384,Penguin Biography,Books,Penguin,New,226.29,214.98,5,179.83,82,3.7,658,Yes,GHS
1385,IKEA Mirror,Home & Garden,IKEA,Refurbished,15596.3,14036.67,10,11613.68,43,3.5,617,Yes,GHS
1386,Wayfair Cushion,Home & Garden,Wayfair,Open Box,2776.84,2638.0,5,2200.14,2,3.3,1288,Yes,GHS
1387,Philips Coffee Maker,Kitchen,Philips,Refurbished,1632.18,1550.57,5,1111.27,177,4.5,729,Yes,GHS
1388,Cuisinart Knife Set,Kitchen,Cuisinart,New,5710.85,5139.77,10,4045.61,70,4.1,18,Yes,GHS
1389,Maybelline Straightener,Beauty,Maybelline,New,1553.18,1242.54,20,989.35,93,4.5,1422,Yes,GHS
1390,Adidas Shorts,Clothing,Adidas,New,935.82,842.24,10,668.88,117,4.9,353,No,GHS
1391,Speedo Bicycle,Sports,Speedo,Refurbished,7399.48,6289.56,15,4840.55,97,3.0,804,No,GHS
1392,West Elm Cushion,Home & Garden,West Elm,New,13947.65,12552.89,10,10531.11,193,3.9,772,Yes,GHS
1393,H&M T-Shirt,Clothing,H&M,New,869.23,695.38,20,502.72,177,3.3,536,Yes,GHS
1394,IKEA Wall Art,Home & Garden,IKEA,Refurbished,8497.07,7222.51,15,5717.69,53,4.2,901,Yes,GHS
1395,Wilson Yoga Mat,Sports,Wilson,New,9567.15,8610.43,10,7051.29,123,3.8,1275,No,GHS
1396,McGraw-Hill Science Book,Books,McGraw-Hill,Open Box,863.3,820.13,5,608.07,67,4.9,1880,Yes,GHS
1397,Moulinex Cutting Board,Kitchen,Moulinex,New,1710.37,1368.3,20,1104.43,182,3.7,495,Yes,GHS
1398,Crate & Barrel Dining Table,Home & Garden,Crate & Barrel,Open Box,6426.02,6104.72,5,4359.9,6,3.0,1857,Yes,GHS
1399,Funko Board Game,Toys,Funko,New,1820.6,1820.6,0,1490.07,72,5.0,1253,Yes,GHS
1400,Hasbro Action Figure,Toys,Hasbro,New,1221.48,977.18,20,810.48,84,5.0,1836,Yes,GHS
1401,Ashley Sofa,Home & Garden,Ashley,Refurbished,15553.34,12442.67,20,9931.11,101,4.8,579,No,GHS
1402,Dell Keyboard,Electronics,Dell,New,4633.16,4169.84,10,3076.6,116,4.3,982,Yes,GHS
1403,Broyhill Bed Frame,Home & Garden,Broyhill,New,4982.49,4235.12,15,3088.65,196,5.0,443,Yes,GHS
1404,Broyhill Rug,Home & Garden,Broyhill,New,15934.45,14341.01,10,10108.29,189,4.5,1342,No,GHS
1405,Melissa & Doug Science Kit,Toys,Melissa & Doug,Open Box,3597.1,3417.24,5,2812.13,167,4.1,34,Yes,GHS
1406,NYX Serum,Beauty,NYX,Refurbished,572.64,572.64,0,485.46,2,3.0,1530,Yes,GHS
1407,Wilson Running Shoes,Sports,Wilson,New,8369.04,7532.14,10,5442.03,68,3.7,1396,Yes,GHS
1408,Moulinex Blender,Kitchen,Moulinex,New,5668.59,5385.16,5,4308.92,189,3.3,1072,No,GHS
1409,Ralph Lauren Hat,Clothing,Ralph Lauren,Refurbished,509.39,432.98,15,352.55,2,3.5,1150,No,GHS
1410,Hot Wheels Science Kit,Toys,Hot Wheels,New,338.56,304.7,10,230.86,117,3.7,306,Yes,GHS
1411,Hasbro Stuffed Animal,Toys,Hasbro,Refurbished,369.98,351.48,5,256.49,62,3.1,1055,Yes,GHS
1412,Penguin Children's Book,Books,Penguin,Refurbished,674.5,640.77,5,514.43,134,3.3,82,Yes,GHS
1413,Homechoice Rug,Home & Garden,Homechoice,Refurbished,1101.56,1101.56,0,783.21,178,3.2,331,No,GHS
1414,Cambridge Children's Book,Books,Cambridge,Open Box,363.31,363.31,0,273.12,24,3.2,1786,Yes,GHS
1415,West Elm Curtains,Home & Garden,West Elm,Refurbished,11817.09,11817.09,0,8629.28,108,3.1,839,Yes,GHS
1416,Ashley Vase,Home & Garden,Ashley,New,7173.91,6456.52,10,4985.35,95,4.4,1531,No,GHS
1417,Moulinex Rice Cooker,Kitchen,Moulinex,Refurbished,1002.69,902.42,10,748.55,75,3.2,179,Yes,GHS
1418,Nivea Hair Dryer,Beauty,Nivea,Refurbished,2639.99,2243.99,15,1883.87,4,3.4,301,Yes,GHS
1419,Yonex Dumbbell Set,Sports,Yonex,Open Box,5172.35,4396.5,15,3336.08,43,3.8,1690,No,GHS
1420,Yonex Dumbbell Set,Sports,Yonex,New,9418.38,8005.62,15,6316.87,29,4.2,1058,Yes,GHS
1421,Adidas Shorts,Clothing,Adidas,Open Box,3086.01,2931.71,5,2261.67,15,3.0,327,Yes,GHS
1422,Pottery Barn Plant Pot,Home & Garden,Pottery Barn,New,6757.45,5405.96,20,4202.63,70,4.2,292,Yes,GHS
1423,Lenovo Headphones,Electronics,Lenovo,New,20278.99,20278.99,0,16962.52,98,4.1,1704,Yes,GHS
1424,Apple Headphones,Electronics,Apple,New,12643.96,12011.76,5,9452.6,114,3.0,100,Yes,GHS
1425,Dell Mouse,Electronics,Dell,Open Box,10618.1,8494.48,20,6652.31,36,3.6,1580,Yes,GHS
1426,Nivea Straightener,Beauty,Nivea,New,1795.79,1795.79,0,1411.72,188,3.7,792,No,GHS
1427,Olay Straightener,Beauty,Olay,Refurbished,2721.35,2177.08,20,1759.42,9,4.0,1217,No,GHS
1428,VTech Card Game,Toys,VTech,New,1367.29,1230.56,10,1042.7,131,4.8,824,No,GHS
1429,Scholastic Self-Help Book,Books,Scholastic,New,770.36,693.32,10,530.32,107,3.8,1649,Yes,GHS
1430,Puma Boots,Clothing,Puma,Open Box,2123.48,2017.31,5,1554.48,182,3.5,1970,Yes,GHS
1431,Breville Rice Cooker,Kitchen,Breville,New,772.6,656.71,15,541.33,82,4.7,829,Yes,GHS
1432,Longman Science Book,Books,Longman,New,142.56,128.3,10,93.2,124,3.7,1955,Yes,GHS
1433,Neutrogena Perfume,Beauty,Neutrogena,Open Box,1632.47,1550.85,5,1102.9,75,3.6,1542,Yes,GHS
1434,Moulinex Toaster,Kitchen,Moulinex,Open Box,7827.98,7827.98,0,5591.04,153,3.1,1536,No,GHS
1435,Nivea Mascara,Beauty,Nivea,New,2543.43,2034.74,20,1475.63,177,4.9,1752,Yes,GHS
1436,Reebok Running Shoes,Sports,Reebok,New,10129.58,10129.58,0,7667.78,112,3.4,1104,Yes,GHS
1437,Bosch Food Processor,Kitchen,Bosch,New,1709.49,1538.54,10,1245.25,66,3.2,894,Yes,GHS
1438,VTech Building Blocks,Toys,VTech,Refurbished,1715.41,1715.41,0,1265.43,125,3.3,1626,Yes,GHS
1439,Zara Sneakers,Clothing,Zara,New,3437.15,2749.72,20,2243.65,126,4.3,1850,Yes,GHS
1440,LG Mouse,Electronics,LG,New,3217.79,2735.12,15,2311.97,67,3.2,980,Yes,GHS
1441,Nivea Hair Dryer,Beauty,Nivea,Refurbished,224.4,190.74,15,152.05,12,3.8,772,Yes,GHS
1442,Spalding Basketball,Sports,Spalding,Open Box,2767.31,2213.85,20,1560.37,123,4.2,388,No,GHS
1443,Hot Wheels Remote Control Car,Toys,Hot Wheels,Open Box,2759.64,2207.71,20,1765.57,10,4.7,1368,Yes,GHS
1444,Longman Biography,Books,Longman,Open Box,325.74,293.17,10,218.96,57,3.4,462,Yes,GHS
1445,Nivea Mascara,Beauty,Nivea,New,2103.29,2103.29,0,1590.73,54,3.3,1537,Yes,GHS
1446,Philips Blender,Kitchen,Philips,New,5011.52,4510.37,10,3470.82,128,3.7,1117,Yes,GHS
1447,McGraw-Hill Dictionary,Books,McGraw-Hill,New,590.6,531.54,10,412.41,146,3.4,1264,Yes,GHS
1448,LG Smartphone,Electronics,LG,New,897.54,762.91,15,610.27,162,3.6,1536,Yes,GHS
1449,Funko Action Figure,Toys,Funko,New,1851.88,1666.69,10,1236.98,32,4.8,588,No,GHS
1450,Fisher-Price Board Game,Toys,Fisher-Price,Open Box,2340.72,2106.65,10,1633.62,73,3.7,1194,No,GHS
1451,Pearson Children's Book,Books,Pearson,New,1041.57,989.49,5,702.6,137,4.5,402,No,GHS
1452,Lenovo Power Bank,Electronics,Lenovo,Open Box,18076.01,18076.01,0,13398.5,114,4.2,1526,No,GHS
1453,Samsung Camera,Electronics,Samsung,Refurbished,13816.81,12435.13,10,9929.03,41,3.2,1458,Yes,GHS
1454,Adidas Dumbbell Set,Sports,Adidas,New,6457.19,5811.47,10,4817.01,105,3.3,369,No,GHS
1455,LG Keyboard,Electronics,LG,New,27327.95,21862.36,20,15700.43,197,3.4,205,Yes,GHS
1456,Wayfair Lamp,Home & Garden,Wayfair,Refurbished,3236.25,3074.44,5,2439.52,143,3.5,1028,Yes,GHS
1457,Pearson Novel,Books,Pearson,New,316.33,300.51,5,229.88,33,4.7,1742,Yes,GHS
1458,Kenwood Rice Cooker,Kitchen,Kenwood,Open Box,1984.48,1686.81,15,1309.09,11,3.9,1847,Yes,GHS
1459,Revlon Serum,Beauty,Revlon,Refurbished,1904.13,1523.3,20,1070.09,184,4.8,1366,Yes,GHS
1460,Wiley Art Book,Books,Wiley,New,920.37,782.31,15,607.47,149,4.0,1634,Yes,GHS
1461,McGraw-Hill Children's Book,Books,McGraw-Hill,New,305.02,274.52,10,225.39,163,4.3,632,Yes,GHS
1462,Maybelline Moisturizer,Beauty,Maybelline,New,1905.61,1810.33,5,1310.34,29,4.8,739,Yes,GHS
1463,Melissa & Doug Doll,Toys,Melissa & Doug,Refurbished,2295.65,2295.65,0,1675.85,156,4.9,1720,No,GHS
1464,Apple Laptop,Electronics,Apple,Refurbished,14003.13,12602.82,10,9732.63,2,3.1,1056,Yes,GHS
1465,Zara Shorts,Clothing,Zara,New,1968.43,1968.43,0,1647.44,135,3.8,1779,Yes,GHS
1466,Zara Suit,Clothing,Zara,New,156.57,156.57,0,112.88,190,4.7,803,Yes,GHS
1467,Adidas Dumbbell Set,Sports,Adidas,New,1756.3,1756.3,0,1461.12,30,4.8,545,Yes,GHS
1468,Wilson Bicycle,Sports,Wilson,New,10355.16,8801.89,15,7042.53,130,3.4,935,Yes,GHS
1469,Hasbro Puzzle,Toys,Hasbro,New,2150.14,1720.11,20,1332.12,88,4.8,602,Yes,GHS
1470,Zojirushi Food Processor,Kitchen,Zojirushi,New,6052.38,5447.14,10,4179.72,184,4.8,688,Yes,GHS
1471,Asus Tablet,Electronics,Asus,New,31370.6,25096.48,20,20534.52,47,4.1,614,Yes,GHS
1472,Ralph Lauren Scarf,Clothing,Ralph Lauren,New,1197.24,1017.65,15,857.13,29,4.1,101,Yes,GHS
1473,Puma Tennis Racket,Sports,Puma,New,1213.09,1091.78,10,922.77,194,3.3,946,No,GHS
1474,Vitafoam Cushion,Home & Garden,Vitafoam,New,20157.54,20157.54,0,15425.95,163,4.4,36,No,GHS
1475,Playmobil Science Kit,Toys,Playmobil,New,3208.43,2566.74,20,1944.62,6,4.1,387,No,GHS
1476,Lenovo Smartwatch,Electronics,Lenovo,New,14981.95,13483.76,10,10857.99,81,4.0,351,Yes,GHS
1477,Cuisinart Toaster,Kitchen,Cuisinart,Refurbished,5028.27,5028.27,0,4129.38,144,3.0,556,No,GHS
1478,Apple Monitor,Electronics,Apple,New,34502.5,31052.25,10,25550.31,20,3.6,249,Yes,GHS
1479,Nivea Perfume,Beauty,Nivea,New,1571.25,1492.69,5,1257.07,184,4.2,1904,Yes,GHS
1480,NYX Nail Polish,Beauty,NYX,Open Box,2613.65,2613.65,0,1963.35,6,3.3,1118,Yes,GHS
1481,Scholastic Travel Guide,Books,Scholastic,New,215.42,204.65,5,161.38,3,4.0,257,Yes,GHS
1482,Nike Basketball,Sports,Nike,New,9887.82,8404.65,15,6698.0,193,3.6,1409,Yes,GHS
1483,Tefal Blender,Kitchen,Tefal,New,5061.6,4302.36,15,3648.2,160,4.6,1901,Yes,GHS
1484,Instant Pot Knife Set,Kitchen,Instant Pot,New,8682.67,8682.67,0,6131.82,51,4.7,1727,No,GHS
1485,Nike Football,Sports,Nike,New,7371.15,7371.15,0,6003.94,37,4.7,221,Yes,GHS
1486,Philips Blender,Kitchen,Philips,New,6056.98,5451.28,10,4331.11,155,4.5,919,Yes,GHS
1487,Broyhill Vase,Home & Garden,Broyhill,Refurbished,1932.04,1932.04,0,1442.26,188,3.6,1485,Yes,GHS
1488,Wayfair Curtains,Home & Garden,Wayfair,New,16920.46,15228.41,10,12932.18,152,4.5,83,No,GHS
1489,HP Smartphone,Electronics,HP,Open Box,28984.08,26085.67,10,20388.24,99,3.9,1597,Yes,GHS
1490,Ralph Lauren Shorts,Clothing,Ralph Lauren,Refurbished,4112.69,3701.42,10,2942.74,183,3.3,643,Yes,GHS
1491,Oxford Dictionary,Books,Oxford,New,812.49,649.99,20,472.44,92,4.9,557,Yes,GHS
1492,Tommy Hilfiger Suit,Clothing,Tommy Hilfiger,Refurbished,1210.35,968.28,20,726.52,48,4.3,123,Yes,GHS
1493,Instant Pot Knife Set,Kitchen,Instant Pot,New,6042.72,5438.45,10,3934.33,190,3.9,169,Yes,GHS
1494,Homechoice Mirror,Home & Garden,Homechoice,Refurbished,5616.65,5335.82,5,4498.79,139,4.4,1280,Yes,GHS
1495,Kenwood Cookware Set,Kitchen,Kenwood,New,5792.57,5213.31,10,4028.89,121,3.9,1928,Yes,GHS
1496,Philips Food Processor,Kitchen,Philips,Open Box,3243.08,2756.62,15,2158.19,72,4.3,1262,Yes,GHS
1497,Reebok Football,Sports,Reebok,Open Box,6482.56,6482.56,0,4810.53,73,3.3,288,Yes,GHS
1498,Melissa & Doug Card Game,Toys,Melissa & Doug,New,3378.03,3209.13,5,2322.24,138,3.7,812,Yes,GHS
1499,Apple Speaker,Electronics,Apple,New,34735.23,27788.18,20,20204.51,86,4.7,1587,Yes,GHS
1500,LEGO Action Figure,Toys,LEGO,Refurbished,1488.83,1339.95,10,968.58,124,3.9,925,Yes,GHS
1501,Wilson Basketball,Sports,Wilson,New,4519.69,4293.71,5,3346.81,182,3.5,245,Yes,GHS
1502,Puma Suit,Clothing,Puma,New,4215.06,3372.05,20,2599.35,10,4.0,1880,Yes,GHS
1503,Yonex Tennis Racket,Sports,Yonex,Refurbished,6577.65,5262.12,20,4155.6,191,3.9,28,Yes,GHS
1504,Zara Jacket,Clothing,Zara,New,1019.05,1019.05,0,808.22,164,4.5,1773,Yes,GHS
1505,Homechoice Rug,Home & Garden,Homechoice,Open Box,11875.43,9500.34,20,7617.01,67,3.4,656,Yes,GHS
1506,Playmobil Doll,Toys,Playmobil,Refurbished,3408.0,2726.4,20,2058.48,180,3.9,1014,Yes,GHS
1507,Nivea Straightener,Beauty,Nivea,New,883.39,750.88,15,539.07,13,4.0,82,Yes,GHS
1508,New Balance Football,Sports,New Balance,New,6674.0,6674.0,0,4980.1,190,4.3,880,Yes,GHS
1509,LG Laptop,Electronics,LG,New,28415.23,28415.23,0,22079.95,139,4.4,431,Yes,GHS
1510,Yonex Swimming Goggles,Sports,Yonex,Open Box,778.68,622.94,20,503.41,77,4.2,1702,Yes,GHS
1511,Puma Hoodie,Clothing,Puma,Open Box,2838.59,2696.66,5,2236.67,124,4.5,195,Yes,GHS
1512,Funko Remote Control Car,Toys,Funko,New,1315.93,1052.74,20,869.97,183,3.6,1428,Yes,GHS
1513,Mattel Stuffed Animal,Toys,Mattel,Refurbished,314.53,298.8,5,253.36,22,4.4,815,No,GHS
1514,Samsung Charger,Electronics,Samsung,Open Box,23216.01,19733.61,15,16700.28,165,4.2,290,Yes,GHS
1515,West Elm Cushion,Home & Garden,West Elm,New,11467.71,10894.32,5,9246.26,138,3.4,542,Yes,GHS
1516,Homechoice Bed Frame,Home & Garden,Homechoice,New,8527.27,7674.54,10,6280.02,42,4.6,1501,Yes,GHS
1517,MAC Moisturizer,Beauty,MAC,New,1672.79,1421.87,15,1103.55,53,3.3,1432,Yes,GHS
1518,Oxford Textbook,Books,Oxford,New,392.4,353.16,10,291.21,164,4.1,355,Yes,GHS
1519,Neutrogena Nail Polish,Beauty,Neutrogena,Refurbished,1936.53,1742.88,10,1355.31,3,4.3,574,Yes,GHS
1520,Zara Hoodie,Clothing,Zara,New,4017.86,3816.97,5,2817.31,124,3.2,1384,No,GHS
